epoch	iso_time	line_no	event_type	item_type	item_status	item_id	command
1780809731.808858	2026-06-07 13:22:11.808858 +0800	1					
1780809731.809096	2026-06-07 13:22:11.809096 +0800	2					
1780809737.165960	2026-06-07 13:22:17.165960 +0800	3					
1780809737.166258	2026-06-07 13:22:17.166258 +0800	4					
1780809737.881815	2026-06-07 13:22:17.881815 +0800	5					
1780809737.881978	2026-06-07 13:22:17.881978 +0800	6					
1780809738.951223	2026-06-07 13:22:18.951223 +0800	7					
1780809738.951429	2026-06-07 13:22:18.951429 +0800	8					
1780809739.563916	2026-06-07 13:22:19.563916 +0800	9					
1780809739.564178	2026-06-07 13:22:19.564178 +0800	10					
1780809739.685717	2026-06-07 13:22:19.685717 +0800	11					
1780809744.475226	2026-06-07 13:22:24.475226 +0800	12					
1780809744.475385	2026-06-07 13:22:24.475385 +0800	13					
1780809745.226267	2026-06-07 13:22:25.226267 +0800	14					
1780809745.226445	2026-06-07 13:22:25.226445 +0800	15					
1780809745.917819	2026-06-07 13:22:25.917819 +0800	16					
1780809754.421518	2026-06-07 13:22:34.421518 +0800	17					
1780809754.421757	2026-06-07 13:22:34.421757 +0800	18					
1780809755.494551	2026-06-07 13:22:35.494551 +0800	19					
1780809755.494724	2026-06-07 13:22:35.494724 +0800	20					
1780809756.436450	2026-06-07 13:22:36.436450 +0800	21					
1780809756.436697	2026-06-07 13:22:36.436697 +0800	22					
1780809757.053689	2026-06-07 13:22:37.053689 +0800	23					
1780809764.043305	2026-06-07 13:22:44.043305 +0800	24					
1780809764.043483	2026-06-07 13:22:44.043483 +0800	25					
1780809764.974921	2026-06-07 13:22:44.974921 +0800	26					
1780809769.408919	2026-06-07 13:22:49.408919 +0800	27					
1780809769.409222	2026-06-07 13:22:49.409222 +0800	28					
1780809770.507881	2026-06-07 13:22:50.507881 +0800	29					
1780809770.508049	2026-06-07 13:22:50.508049 +0800	30					
1780809771.289518	2026-06-07 13:22:51.289518 +0800	31					
1780809781.040309	2026-06-07 13:23:01.040309 +0800	32					
1780809781.040493	2026-06-07 13:23:01.040493 +0800	33					
1780809782.244401	2026-06-07 13:23:02.244401 +0800	34					
1780809782.244726	2026-06-07 13:23:02.244726 +0800	35					
1780809783.217168	2026-06-07 13:23:03.217168 +0800	36					
1780809799.814005	2026-06-07 13:23:19.814005 +0800	37					
1780809799.814284	2026-06-07 13:23:19.814284 +0800	38					
1780809800.995968	2026-06-07 13:23:20.995968 +0800	39					
1780809800.996229	2026-06-07 13:23:20.996229 +0800	40					
1780809801.881763	2026-06-07 13:23:21.881763 +0800	41					
1780809806.673664	2026-06-07 13:23:26.673664 +0800	42					
1780809806.673951	2026-06-07 13:23:26.673951 +0800	43					
1780809806.694715	2026-06-07 13:23:26.694715 +0800	44					
1780809807.319854	2026-06-07 13:23:27.319854 +0800	45					
1780809900.164908	2026-06-07 13:25:00.164908 +0800	46					
1780809900.165555	2026-06-07 13:25:00.165555 +0800	47					
1780809900.179904	2026-06-07 13:25:00.179904 +0800	48					
1780809903.810775	2026-06-07 13:25:03.810775 +0800	49					
1780809903.811059	2026-06-07 13:25:03.811059 +0800	50					
1780809983.393780	2026-06-07 13:26:23.393780 +0800	51					
1780809983.394403	2026-06-07 13:26:23.394403 +0800	52					
1780809986.490313	2026-06-07 13:26:26.490313 +0800	53					
1780809986.490501	2026-06-07 13:26:26.490501 +0800	54					
1780810039.062520	2026-06-07 13:27:19.062520 +0800	55					
1780810039.062757	2026-06-07 13:27:19.062757 +0800	56					
1780810039.693197	2026-06-07 13:27:19.693197 +0800	57					
1780810042.825055	2026-06-07 13:27:22.825055 +0800	58					
1780810042.825486	2026-06-07 13:27:22.825486 +0800	59					
1780810043.541595	2026-06-07 13:27:23.541595 +0800	60					
1780810072.023669	2026-06-07 13:27:52.023669 +0800	61					
1780810072.023872	2026-06-07 13:27:52.023872 +0800	62					
1780810073.694031	2026-06-07 13:27:53.694031 +0800	63					
1780810077.082959	2026-06-07 13:27:57.082959 +0800	64					
1780810077.083238	2026-06-07 13:27:57.083238 +0800	65					
1780810118.925012	2026-06-07 13:28:38.925012 +0800	66					
1780810118.925202	2026-06-07 13:28:38.925202 +0800	67					
1780810180.548871	2026-06-07 13:29:40.548871 +0800	68					
1780810180.549558	2026-06-07 13:29:40.549558 +0800	69					
1780810184.637264	2026-06-07 13:29:44.637264 +0800	70					
1780810184.637429	2026-06-07 13:29:44.637429 +0800	71					
1780810190.992849	2026-06-07 13:29:50.992849 +0800	72					
1780810190.993038	2026-06-07 13:29:50.993038 +0800	73					
1780810302.533212	2026-06-07 13:31:42.533212 +0800	74					
1780810302.533427	2026-06-07 13:31:42.533427 +0800	75					
1780810310.392492	2026-06-07 13:31:50.392492 +0800	76					
1780810310.392675	2026-06-07 13:31:50.392675 +0800	77					
1780810314.935235	2026-06-07 13:31:54.935235 +0800	78					
1780810314.935423	2026-06-07 13:31:54.935423 +0800	79					
1780810320.067508	2026-06-07 13:32:00.067508 +0800	80					
1780810320.067717	2026-06-07 13:32:00.067717 +0800	81					
1780810345.870979	2026-06-07 13:32:25.870979 +0800	82					
1780810345.871161	2026-06-07 13:32:25.871161 +0800	83					
1780810353.857319	2026-06-07 13:32:33.857319 +0800	84					
1780810353.857500	2026-06-07 13:32:33.857500 +0800	85					
1780810366.981718	2026-06-07 13:32:46.981718 +0800	86					
1780810366.981916	2026-06-07 13:32:46.981916 +0800	87					
1780810381.037302	2026-06-07 13:33:01.037302 +0800	88					
1780810381.037476	2026-06-07 13:33:01.037476 +0800	89					
1780810389.126459	2026-06-07 13:33:09.126459 +0800	90					
1780810389.126638	2026-06-07 13:33:09.126638 +0800	91					
1780810393.398184	2026-06-07 13:33:13.398184 +0800	92					
1780810393.398454	2026-06-07 13:33:13.398454 +0800	93					
1780810397.754608	2026-06-07 13:33:17.754608 +0800	94					
1780810397.754851	2026-06-07 13:33:17.754851 +0800	95					
1780810445.699986	2026-06-07 13:34:05.699986 +0800	96					
1780810445.700320	2026-06-07 13:34:05.700320 +0800	97					
1780810452.968563	2026-06-07 13:34:12.968563 +0800	98					
1780810452.968998	2026-06-07 13:34:12.968998 +0800	99					
1780810524.578048	2026-06-07 13:35:24.578048 +0800	100					
1780810524.578755	2026-06-07 13:35:24.578755 +0800	101					
1780810577.337252	2026-06-07 13:36:17.337252 +0800	102					
1780810577.337512	2026-06-07 13:36:17.337512 +0800	103					
1780810585.204469	2026-06-07 13:36:25.204469 +0800	104					
1780810585.204687	2026-06-07 13:36:25.204687 +0800	105					
1780810709.169118	2026-06-07 13:38:29.169118 +0800	106					
1780810709.169407	2026-06-07 13:38:29.169407 +0800	107					
1780810712.565859	2026-06-07 13:38:32.565859 +0800	108					
1780810712.566033	2026-06-07 13:38:32.566033 +0800	109					
1780810713.200094	2026-06-07 13:38:33.200094 +0800	110					
1780810716.305555	2026-06-07 13:38:36.305555 +0800	111					
1780810716.305709	2026-06-07 13:38:36.305709 +0800	112					
1780810719.582043	2026-06-07 13:38:39.582043 +0800	113					
1780810719.582207	2026-06-07 13:38:39.582207 +0800	114					
1780810722.627086	2026-06-07 13:38:42.627086 +0800	115					
1780810722.627385	2026-06-07 13:38:42.627385 +0800	116					
1780810742.164819	2026-06-07 13:39:02.164819 +0800	117					
1780810742.164998	2026-06-07 13:39:02.164998 +0800	118					
1780810750.058332	2026-06-07 13:39:10.058332 +0800	119					
1780810750.058617	2026-06-07 13:39:10.058617 +0800	120					
1780810783.601751	2026-06-07 13:39:43.601751 +0800	121					
1780810783.601970	2026-06-07 13:39:43.601970 +0800	122					
1780810815.213647	2026-06-07 13:40:15.213647 +0800	123					
1780810815.213917	2026-06-07 13:40:15.213917 +0800	124					
1780810908.047122	2026-06-07 13:41:48.047122 +0800	125					
1780810908.047490	2026-06-07 13:41:48.047490 +0800	126					
1780810923.544509	2026-06-07 13:42:03.544509 +0800	127					
1780810923.544720	2026-06-07 13:42:03.544720 +0800	128					
1780810973.097575	2026-06-07 13:42:53.097575 +0800	129					
1780810973.097928	2026-06-07 13:42:53.097928 +0800	130					
1780810982.985201	2026-06-07 13:43:02.985201 +0800	131					
1780810982.985405	2026-06-07 13:43:02.985405 +0800	132					
1780811000.778171	2026-06-07 13:43:20.778171 +0800	133					
1780811000.778384	2026-06-07 13:43:20.778384 +0800	134					
1780811007.030457	2026-06-07 13:43:27.030457 +0800	135					
1780811007.030792	2026-06-07 13:43:27.030792 +0800	136					
1780811087.715426	2026-06-07 13:44:47.715426 +0800	137					
1780811087.715781	2026-06-07 13:44:47.715781 +0800	138					
1780811095.661955	2026-06-07 13:44:55.661955 +0800	139					
1780811095.662251	2026-06-07 13:44:55.662251 +0800	140					
1780811096.393775	2026-06-07 13:44:56.393775 +0800	141					
1780811316.818930	2026-06-07 13:48:36.818930 +0800	142					
1780811316.819220	2026-06-07 13:48:36.819220 +0800	143					
1780811336.825742	2026-06-07 13:48:56.825742 +0800	144					
1780811336.825955	2026-06-07 13:48:56.825955 +0800	145					
1780811371.002586	2026-06-07 13:49:31.002586 +0800	146					
1780811371.002896	2026-06-07 13:49:31.002896 +0800	147					
1780811379.447771	2026-06-07 13:49:39.447771 +0800	148					
1780811379.447918	2026-06-07 13:49:39.447918 +0800	149					
1780811422.519959	2026-06-07 13:50:22.519959 +0800	150					
1780811422.520175	2026-06-07 13:50:22.520175 +0800	151					
1780811452.209342	2026-06-07 13:50:52.209342 +0800	152					
1780811452.209843	2026-06-07 13:50:52.209843 +0800	153					
1780811499.683678	2026-06-07 13:51:39.683678 +0800	154					
1780811499.684099	2026-06-07 13:51:39.684099 +0800	155					
1780811560.545109	2026-06-07 13:52:40.545109 +0800	156					
1780811560.545306	2026-06-07 13:52:40.545306 +0800	157					
1780811566.756115	2026-06-07 13:52:46.756115 +0800	158					
1780811566.756365	2026-06-07 13:52:46.756365 +0800	159					
1780811575.737488	2026-06-07 13:52:55.737488 +0800	160					
1780811575.737667	2026-06-07 13:52:55.737667 +0800	161					
1780811586.645264	2026-06-07 13:53:06.645264 +0800	162					
1780811586.645547	2026-06-07 13:53:06.645547 +0800	163					
1780811592.095491	2026-06-07 13:53:12.095491 +0800	164					
1780811592.095694	2026-06-07 13:53:12.095694 +0800	165					
1780811599.202928	2026-06-07 13:53:19.202928 +0800	166					
1780811599.203108	2026-06-07 13:53:19.203108 +0800	167					
1780811611.157682	2026-06-07 13:53:31.157682 +0800	168					
1780811611.157884	2026-06-07 13:53:31.157884 +0800	169					
1780811626.694018	2026-06-07 13:53:46.694018 +0800	170					
1780811626.694249	2026-06-07 13:53:46.694249 +0800	171					
1780811658.829248	2026-06-07 13:54:18.829248 +0800	172					
1780811658.829436	2026-06-07 13:54:18.829436 +0800	173					
1780811682.101679	2026-06-07 13:54:42.101679 +0800	174					
1780811682.101940	2026-06-07 13:54:42.101940 +0800	175					
1780811687.982680	2026-06-07 13:54:47.982680 +0800	176					
1780811687.983085	2026-06-07 13:54:47.983085 +0800	177					
1780811707.995563	2026-06-07 13:55:07.995563 +0800	178					
1780811707.995774	2026-06-07 13:55:07.995774 +0800	179					
1780811725.829865	2026-06-07 13:55:25.829865 +0800	180					
1780811725.830132	2026-06-07 13:55:25.830132 +0800	181					
1780811755.386040	2026-06-07 13:55:55.386040 +0800	182					
1780811755.386273	2026-06-07 13:55:55.386273 +0800	183					
1780811767.302263	2026-06-07 13:56:07.302263 +0800	184					
1780811767.302453	2026-06-07 13:56:07.302453 +0800	185					
1780811772.862775	2026-06-07 13:56:12.862775 +0800	186					
1780811772.862947	2026-06-07 13:56:12.862947 +0800	187					
1780811821.615777	2026-06-07 13:57:01.615777 +0800	188					
1780811821.616045	2026-06-07 13:57:01.616045 +0800	189					
1780811855.158721	2026-06-07 13:57:35.158721 +0800	190					
1780811855.159091	2026-06-07 13:57:35.159091 +0800	191					
1780811870.104580	2026-06-07 13:57:50.104580 +0800	192					
1780811870.104797	2026-06-07 13:57:50.104797 +0800	193					
1780811903.616246	2026-06-07 13:58:23.616246 +0800	194					
1780811903.616730	2026-06-07 13:58:23.616730 +0800	195					
1780811930.883566	2026-06-07 13:58:50.883566 +0800	196					
1780811930.883835	2026-06-07 13:58:50.883835 +0800	197					
1780811967.822069	2026-06-07 13:59:27.822069 +0800	198					
1780811967.822377	2026-06-07 13:59:27.822377 +0800	199					
1780811986.692566	2026-06-07 13:59:46.692566 +0800	200					
1780811986.692816	2026-06-07 13:59:46.692816 +0800	201					
1780812045.362448	2026-06-07 14:00:45.362448 +0800	202					
1780812045.362803	2026-06-07 14:00:45.362803 +0800	203					
1780812102.066855	2026-06-07 14:01:42.066855 +0800	204					
1780812102.067681	2026-06-07 14:01:42.067681 +0800	205					
1780812152.902883	2026-06-07 14:02:32.902883 +0800	206					
1780812152.903136	2026-06-07 14:02:32.903136 +0800	207					
1780812182.308984	2026-06-07 14:03:02.308984 +0800	208					
1780812182.309176	2026-06-07 14:03:02.309176 +0800	209					
